id;trans_num;status
83;mp-txn-62cff4a593174;pending
2087;mp-txn-62e0f02ae9c3f;complete
2158;mp-txn-6308700e04203;complete
2159;mp-txn-6308b860564cb;complete
82;mp-txn-62cd95718a008;pending
86;mp-txn-62cff91d48414;pending
87;mp-txn-62cffae6dcae3;complete
88;mp-txn-62cfffd5db176;complete
45;mp-txn-628cca85d529a;complete
2;mp-txn-622f21f5aaf6c;complete
3;mp-txn-622f6858bd98e;complete
4;mp-txn-6231d25b854c2;complete
75;mp-txn-62c59e417998d;complete
6;mp-txn-626bd2b4d31fc;complete
7;mp-txn-626bd38a052af;complete
8;mp-txn-627268d297924;complete
9;mp-txn-62739a74b07b0;complete
10;mp-txn-627c004eb8431;complete
13;mp-txn-627c082381c8b;complete
14;mp-txn-627cc5ec00ef3;complete
15;mp-txn-627cdbe965277;complete
16;mp-txn-627ce364cd05d;complete
17;mp-txn-627ce3d74f45d;complete
18;mp-txn-627d10b354b03;complete
19;mp-txn-6281e9bc1f4b5;pending
20;mp-txn-6281e9d69aa10;pending
21;mp-txn-6281e9e6667b5;complete
22;mp-txn-6281e9fe09150;complete
23;mp-txn-6281ea0b85c9d;complete
24;mp-txn-6281ea1ef0216;pending
25;mp-txn-6281ea2e718f8;complete
26;mp-txn-6281ea497ab9a;complete
27;mp-txn-6282047b7bc73;complete
48;mp-txn-62949378984a5;complete
28;mp-txn-628279420a3cc;complete
36;mp-txn-62890b7196a73;complete
32;mp-txn-62890838d2c66;complete
33;mp-txn-628909218e60b;complete
34;mp-txn-6289096aa65c5;complete
35;mp-txn-628909d2346ed;complete
37;mp-txn-628b3d9e1ffd7;complete
38;mp-txn-628b3db58d6a9;complete
39;mp-txn-628b3dc5a70d6;complete
40;mp-txn-628b3dd01f2ab;complete
41;mp-txn-628b3de0524ff;complete
42;mp-txn-628b3debb97fe;complete
43;mp-txn-628bedf9dcf91;complete
44;mp-txn-628ca3a8e1dac;complete
47;mp-txn-628cf3867be28;complete
49;mp-txn-629663b815c4b;complete
52;mp-txn-6299e2d542735;complete
53;mp-txn-629a1915bb536;complete
54;mp-txn-629a1982165ac;complete
55;mp-txn-629a19c172e3a;complete
56;mp-txn-629a19f32e848;complete
57;mp-txn-629db8865f50b;complete
58;mp-txn-62a0a04966472;complete
59;mp-txn-62a0a068b4c89;complete
60;mp-txn-62a0a0804c0a6;complete
61;mp-txn-62a0a0a9bff41;pending
62;mp-txn-62a0a0cbf3a0c;pending
63;mp-txn-62a0a0ef14695;pending
64;mp-txn-62a0a110f20cf;pending
65;mp-txn-62a0a1358607f;pending
66;mp-txn-62a710114bfa9;pending
67;mp-txn-62a71029d5988;pending
68;mp-txn-62a8834796929;pending
69;mp-txn-62aa197b0c0e4;complete
72;mp-txn-62b9e564c4350;complete
2088;mp-txn-62e1374620014;complete
2089;mp-txn-62e138286c751;complete
2090;mp-txn-62e138651cd53;complete
73;mp-txn-62bee64e03897;complete
74;mp-txn-62c3321b337cb;complete
76;mp-txn-62c5bf9f68f23;complete
77;mp-txn-62c5fd80f336b;complete
78;mp-txn-62c6c7d6da6aa;complete
79;mp-txn-62c6f006b795a;complete
80;mp-txn-62cc6bb655ed8;complete
81;mp-txn-62cd3eb3a5dc1;complete
90;mp-txn-62d00ddbee1b8;complete
91;mp-txn-62d00dde70bf7;complete
85;mp-txn-62cff8fcae9e7;complete
92;mp-txn-62d00f4274573;complete
93;mp-txn-62d0104ac2225;complete
94;mp-txn-62d010aa57dc3;complete
95;mp-txn-62d01107d95e8;complete
96;mp-txn-62d01151458bd;complete
98;mp-txn-62d01f4a72010;pending
99;mp-txn-62d0201428337;pending
100;mp-txn-62d020ba8926a;pending
101;mp-txn-62d020f6bbe95;complete
102;mp-txn-62d02153e1b85;complete
103;mp-txn-62d021a66fedc;complete
104;mp-txn-62d0223c242c3;complete
105;mp-txn-62d0228f20760;complete
106;mp-txn-62d022d075172;complete
107;mp-txn-62d023156ed92;complete
108;mp-txn-62d023d1eb978;complete
109;mp-txn-62d0245473002;complete
110;mp-txn-62d0248ff158a;complete
111;mp-txn-62d024c9e0ca8;complete
112;mp-txn-62d0252029d53;complete
113;mp-txn-62d0255add6a6;complete
114;mp-txn-62d025ac930bc;complete
115;mp-txn-62d025d9e3397;complete
116;mp-txn-62d026126ef0b;complete
117;mp-txn-62d02670e5e80;complete
118;mp-txn-62d026a7c0fda;complete
119;mp-txn-62d026e42a1ed;complete
120;mp-txn-62d0271aba84b;complete
121;mp-txn-62d02760627ea;complete
122;mp-txn-62d027a423af9;complete
123;mp-txn-62d027e76b8df;complete
124;mp-txn-62d028201d094;complete
125;mp-txn-62d0406b6e538;complete
126;mp-txn-62d0450f03e62;complete
133;mp-txn-62d189cae0152;complete
134;mp-txn-62d189cdd2037;complete
131;mp-txn-62d1741747757;complete
132;mp-txn-62d175860e05a;complete
135;mp-txn-62d290b644558;complete
136;mp-txn-62d290b9233a1;complete
137;mp-txn-62d47332b759a;complete
138;mp-txn-62d47335b7684;complete
139;62d4f2b6c35e0;complete
140;62d4f2b6cc916;complete
141;62d4f2b6d16e5;complete
142;62d4f2b6d8a75;complete
143;62d4f2b6de025;complete
144;62d4f2b6e33de;complete
146;62d4f2b6ec0c3;complete
153;62d4f2b71966e;complete
154;62d4f2b71ee42;pending
155;62d4f2b725690;pending
156;62d4f2b72aee1;pending
157;62d4f2b73044b;pending
158;62d4f2b7351e3;pending
159;62d4f2b739d2c;pending
160;62d4f2b73eb7b;complete
161;62d4f2b742d52;complete
162;62d4f2b746b71;complete
163;62d4f2b74b2d7;complete
164;62d4f2b750024;complete
165;62d4f2b7548c6;complete
166;62d4f2b759474;complete
167;62d4f2b75edfe;complete
168;62d4f2b763b5d;complete
169;62d4f2b768901;complete
170;62d4f2b76cdd8;complete
171;62d4f2b770e85;complete
172;62d4f2b774d3f;complete
173;62d4f2b7798bf;complete
174;62d4f2b77f467;complete
175;62d4f2b784bd2;complete
176;62d4f2b789680;complete
177;62d4f2b78e7ce;complete
178;62d4f2b793f7c;complete
179;62d4f2b799f4e;complete
180;62d4f2b79fc15;complete
181;62d4f2b7a55d5;complete
182;62d4f2b7a9bcb;complete
183;62d4f2b7adb08;complete
184;62d4f2b7b1984;complete
186;62d4f2b7bbb9d;complete
190;62d4f2b7cd2c9;complete
195;62d4f2b7e1b12;complete
196;62d4f2b7e55f7;complete
199;62d4f2b7f06ca;complete
200;62d4f2b8000b2;complete
202;62d4f2b80b995;complete
203;62d4f2b810ed4;complete
206;62d4f2b81f13d;complete
209;62d4f2b82a0e3;complete
211;62d4f2b8310d9;pending
212;62d4f2b834ba4;pending
213;62d4f2b838406;pending
214;62d4f2b83c10e;pending
215;62d4f2b83fd3b;pending
216;62d4f2b8434ec;pending
217;62d4f2b847acb;complete
218;62d4f2b84c709;complete
219;62d4f2b850483;complete
220;62d4f2b854e67;complete
221;62d4f2b859f1d;complete
222;62d4f2b85e2ab;complete
223;62d4f2b8624ab;complete
224;62d4f2b866ea6;complete
225;62d4f2b86b61f;complete
226;62d4f2b86f9c8;complete
227;62d4f2b874809;complete
228;62d4f2b879823;complete
229;62d4f2b87e42c;complete
230;62d4f2b8831a9;complete
231;62d4f2b887837;complete
232;62d4f2b88b888;complete
233;62d4f2b89024b;complete
234;62d4f2b894efe;complete
235;62d4f2b899d43;complete
236;62d4f2b89dcd7;complete
237;62d4f2b8a1f97;complete
238;62d4f2b8a62a8;complete
239;62d4f2b8a9ff1;complete
240;62d4f2b8ae390;complete
241;62d4f2b8b203d;complete
242;62d4f2b8b57f0;complete
243;62d4f2b8b9034;complete
244;62d4f2b8bd35a;complete
245;62d4f2b8c1b9f;complete
246;62d4f2b8c58ab;complete
247;62d4f2b8c9301;complete
248;62d4f2b8cd8e0;complete
249;62d4f2b8d15f5;complete
250;62d4f2b8d4e1d;complete
251;62d4f2b8d859e;complete
252;62d4f2b8dd43e;complete
253;62d4f2b8e10fd;complete
254;62d4f2b8e6139;complete
255;62d4f2b8ea4a2;complete
256;62d4f2b8ee139;complete
257;62d4f2b8f1f41;complete
258;62d4f2b9a20d3;complete
259;62d4f2b9a9693;complete
260;62d4f2b9adcd4;pending
261;62d4f2b9b21fb;pending
262;62d4f2b9b6855;pending
263;62d4f2b9baf59;pending
264;62d4f2b9bf3a6;pending
265;62d4f2b9c429a;pending
266;62d4f2b9c8ff5;pending
267;62d4f2b9cdbc0;complete
268;62d4f2b9d24be;complete
269;62d4f2b9d68de;complete
270;62d4f2b9da770;complete
271;62d4f2b9de2dc;complete
272;62d4f2b9e1d7c;complete
273;62d4f2b9e662f;complete
274;62d4f2b9ea77c;complete
275;62d4f2b9ee445;complete
276;62d4f2b9f1d3f;complete
277;62d4f2ba01681;complete
278;62d4f2ba0546a;complete
279;62d4f2ba0937a;complete
280;62d4f2ba0d7f1;complete
281;62d4f2ba11e79;complete
282;62d4f2ba15b00;complete
283;62d4f2ba19a19;complete
284;62d4f2ba1d721;complete
285;62d4f2ba217cb;complete
286;62d4f2ba254d9;complete
287;62d4f2ba29245;complete
288;62d4f2ba2d6cb;complete
289;62d4f2ba31a22;complete
290;62d4f2ba35937;complete
291;62d4f2ba39c50;complete
292;62d4f2ba3de1f;complete
293;62d4f2ba4278b;complete
294;62d4f2ba46663;complete
295;62d4f2ba4a59b;complete
296;62d4f2ba4f0cc;complete
297;62d4f2ba535fd;complete
298;62d4f2ba5750f;complete
299;62d4f2ba5b4d8;complete
300;62d4f2ba5f483;complete
301;62d4f2ba631b4;complete
302;62d4f2ba67041;complete
303;62d4f2ba6b43d;complete
304;62d4f2ba6f786;complete
305;62d4f2ba739a7;complete
306;62d4f2ba77d63;complete
307;62d4f2ba7c091;complete
308;62d4f2ba8066e;complete
309;62d4f2ba84d56;complete
310;62d4f2ba886a5;complete
311;62d4f2ba8c036;complete
312;62d4f2ba8fa8f;complete
313;62d4f2ba93876;complete
314;62d4f2ba974f1;complete
315;62d4f2ba9b171;complete
316;62d4f2ba9eee0;complete
317;62d4f2baa2bc2;complete
318;62d4f2baa7982;complete
319;62d4f2baab600;pending
320;62d4f2bab0009;pending
321;62d4f2bab40b4;pending
322;62d4f2bab861d;pending
323;62d4f2babd172;complete
324;62d4f2bac2260;complete
325;62d4f2bac629e;complete
327;62d4f2bace636;complete
328;62d4f2bad2691;complete
329;62d4f2bad6815;complete
330;62d4f2bada691;complete
331;62d4f2badf024;complete
332;62d4f2bae399e;complete
333;62d4f2bae84ef;complete
334;62d4f2baed0e3;complete
335;62d4f2baf11a1;complete
336;62d4f2bb00be6;complete
337;62d4f2bb04a98;complete
338;62d4f2bb0897f;complete
339;62d4f2bb0cfaa;complete
340;62d4f2bb112a0;complete
341;62d4f2bb16866;complete
342;62d4f2bb1ab73;complete
343;62d4f2bb1f11a;complete
344;62d4f2bb22d23;complete
345;62d4f2bb26e6b;complete
346;62d4f2bb2aaca;complete
347;62d4f2bb2e6eb;complete
348;62d4f2bb32364;complete
349;62d4f2bb366f7;complete
350;62d4f2bb3b7f8;complete
351;62d4f2bb405ea;complete
352;62d4f2bb44531;complete
353;62d4f2bb48483;complete
354;62d4f2bb4c21b;complete
355;62d4f2bb4fdcb;complete
356;62d4f2bb53fe4;complete
357;62d4f2bb58df0;complete
358;62d4f2bb5d7f8;complete
359;62d4f2bb6192e;complete
360;62d4f2bb65846;complete
361;62d4f2bb6973c;complete
362;62d4f2bb6d97a;complete
363;62d4f2bb722f5;complete
364;62d4f2bb788dc;complete
365;62d4f2bb7f0f2;complete
366;62d4f2bb84f4f;pending
367;62d4f2bb8a60f;pending
368;62d4f2bb8f4fa;pending
369;62d4f2bb94133;complete
370;62d4f2bb9972d;complete
371;62d4f2bb9ea97;complete
372;62d4f2bba482a;complete
373;62d4f2bbaa8b6;complete
374;62d4f2bbb1286;complete
375;62d4f2bbb75e1;complete
376;62d4f2bbbd805;complete
377;62d4f2bbc3689;complete
378;62d4f2bbc9a2f;complete
379;62d4f2bbcfc7b;complete
380;62d4f2bbd561a;complete
381;62d4f2bbdadae;complete
382;62d4f2bbe0c59;complete
383;62d4f2bbe700c;complete
384;62d4f2bbec8f0;complete
385;62d4f2bbf27d5;complete
386;62d4f2bc9cf65;complete
387;62d4f2bca422e;complete
388;62d4f2bca929a;complete
389;62d4f2bcae251;complete
390;62d4f2bcb3636;complete
391;62d4f2bcb7f48;complete
392;62d4f2bcbc563;complete
393;62d4f2bcc0554;complete
394;62d4f2bcc45a6;complete
395;62d4f2bcc9135;complete
396;62d4f2bccde90;complete
397;62d4f2bcd28c4;complete
398;62d4f2bcd7009;complete
399;62d4f2bcdbe1c;complete
400;62d4f2bce2076;complete
401;62d4f2bce7436;complete
402;62d4f2bcebd5d;complete
403;62d4f2bcf0fb9;complete
406;62d4f2bd0ba94;complete
408;62d4f2bd1480c;complete
409;62d4f2bd1a152;complete
410;62d4f2bd1e76b;complete
411;62d4f2bd22c9a;complete
412;62d4f2bd2714f;complete
413;62d4f2bd2c6e2;complete
414;62d4f2bd31126;complete
415;62d4f2bd35e99;complete
416;62d4f2bd3a855;pending
417;62d4f2bd3e8fa;pending
418;62d4f2bd42a8a;pending
419;62d4f2bd46e7c;pending
420;62d4f2bd4baa8;pending
421;62d4f2bd4fa6b;complete
422;62d4f2bd5a13c;complete
423;62d4f2bd5e7d7;complete
424;62d4f2bd62e1b;complete
425;62d4f2bd67995;complete
426;62d4f2bd6bcd5;complete
427;62d4f2bd6fe40;complete
428;62d4f2bd7525c;complete
429;62d4f2bd7a799;complete
430;62d4f2bd7fcc9;complete
431;62d4f2bd85515;complete
432;62d4f2bd8a218;complete
433;62d4f2bd8e290;complete
434;62d4f2bd921ee;complete
435;62d4f2bd960c1;complete
436;62d4f2bd9a072;complete
437;62d4f2bd9e21a;complete
438;62d4f2bda2db9;complete
439;62d4f2bda8fee;complete
440;62d4f2bdaf01b;complete
441;62d4f2bdb4a7b;complete
442;62d4f2bdb980c;complete
443;62d4f2bdbeb06;complete
444;62d4f2bdc2d83;complete
445;62d4f2bdc6c3d;complete
446;62d4f2bdcb1e6;complete
447;62d4f2bdcf5a3;complete
448;62d4f2bdd4637;complete
449;62d4f2bdd892e;complete
450;62d4f2bddcd4e;complete
451;62d4f2bde15a6;complete
452;62d4f2bde5fa9;complete
453;62d4f2bdea0c1;complete
454;62d4f2bdee9ed;pending
455;62d4f2bdf3a05;pending
456;62d4f2be0480e;pending
457;62d4f2be097ed;pending
458;62d4f2be0fae0;pending
459;62d4f2be1504c;pending
460;62d4f2be19c82;complete
461;62d4f2be1dddb;complete
462;62d4f2be21e58;complete
463;62d4f2be26224;complete
464;62d4f2be2c27b;complete
465;62d4f2be31aec;complete
466;62d4f2be37507;complete
467;62d4f2be3bd17;complete
468;62d4f2be3ff43;complete
469;62d4f2be44e4a;complete
470;62d4f2be4a886;complete
472;62d4f2be56550;complete
473;62d4f2be5c99e;complete
474;62d4f2be61b12;complete
475;62d4f2be65b42;complete
476;62d4f2be69f46;complete
477;62d4f2be6e21a;complete
478;62d4f2be72184;complete
479;62d4f2be76c16;complete
480;62d4f2be7ae81;complete
481;62d4f2be7fe0a;complete
482;62d4f2be8545a;complete
483;62d4f2be8a52b;complete
484;62d4f2be8f9c6;complete
485;62d4f2be95d02;complete
486;62d4f2be9bcf9;complete
487;62d4f2be9ffe0;pending
488;62d4f2bea4339;pending
489;62d4f2c019337;pending
490;62d4f2c01f6dc;pending
491;62d4f2c0235cf;pending
492;62d4f2c0272c7;pending
493;62d4f2c02ae97;pending
494;62d4f2c02f48d;complete
495;62d4f2c033189;complete
496;62d4f2c036fb1;complete
497;62d4f2c03b89e;complete
498;62d4f2c04028e;complete
499;62d4f2c043dcb;complete
500;62d4f2c047a2e;complete
501;62d4f2c04b6f3;complete
502;62d4f2c04f192;complete
503;62d4f2c052ea8;complete
504;62d4f2c056d3b;complete
505;62d4f2c05aa18;complete
506;62d4f2c05ebb1;complete
507;62d4f2c06276d;complete
508;62d4f2c066c1f;complete
509;62d4f2c06acf2;complete
510;62d4f2c06ec45;complete
511;62d4f2c072904;complete
512;62d4f2c07652f;complete
513;62d4f2c07a250;complete
514;62d4f2c07e483;complete
515;62d4f2c082b51;complete
516;62d4f2c086678;complete
517;62d4f2c08a4d1;complete
518;62d4f2c08e1ef;complete
519;62d4f2c091d40;complete
520;62d4f2c09578e;complete
521;62d4f2c099244;complete
522;62d4f2c09ce16;complete
523;62d4f2c0a1010;complete
524;62d4f2c0a58a6;complete
525;62d4f2c0aa6ae;pending
526;62d4f2c0af281;pending
527;62d4f2c0b3faa;pending
528;62d4f2c0b8a85;complete
529;62d4f2c0bcd98;complete
530;62d4f2c0c0e47;complete
531;62d4f2c0c5dd2;complete
532;62d4f2c0cadc4;complete
533;62d4f2c0cf91d;pending
534;62d4f2c0d3391;pending
535;62d4f2c0d7484;pending
536;62d4f2c0db377;complete
537;62d4f2c0df37a;complete
538;62d4f2c0e312d;complete
539;62d4f2c0e6f2c;complete
540;62d4f2c0eac1b;complete
541;62d4f2c0ee856;complete
542;62d4f2c0f2903;complete
543;62d4f2c103007;complete
544;62d4f2c1077cb;complete
545;62d4f2c10c407;complete
546;62d4f2c110e98;complete
547;62d4f2c114fbf;complete
548;62d4f2c119b80;complete
549;62d4f2c11ea42;complete
550;62d4f2c123a6e;complete
551;62d4f2c128d2a;complete
553;62d4f2ffabde0;complete
554;62d4f2ffb0c8b;complete
555;62d4f2ffb65f2;complete
556;62d4f2ffbb3ad;complete
557;62d4f2ffc0be9;complete
558;62d4f30082866;complete
559;62d4f30088320;complete
560;62d4f3008d3d8;complete
561;62d4f300923f2;complete
562;62d4f3009774d;complete
563;62d4f3009d780;complete
564;62d4f300a290e;complete
565;62d4f300a793a;complete
566;62d4f361de737;complete
567;62d4f361e6a12;complete
568;62d4f361ebfe0;complete
569;62d4f361f15e0;complete
570;62d4f36202044;complete
571;62d4f36206a95;complete
572;62d4f3620b6a3;complete
573;62d4f362107c0;complete
574;62d4f36215c02;complete
575;62d4f3621aa2b;complete
576;62d4f3621fc2e;complete
577;62d4f36224e56;complete
578;62d4f36229e74;complete
579;62d4f3622f249;complete
580;62d4f36233cc1;complete
581;62d4f36238de8;complete
582;62d4f3623f231;complete
583;62d4f36244351;complete
584;62d4f362493be;complete
585;62d4f3624f8dc;complete
586;62d4f362559d5;pending
587;62d4f3625bda4;pending
588;62d4f3626237b;pending
589;62d4f362685a5;pending
590;62d4f3626e244;pending
591;62d4f3627421b;complete
592;62d4f3627a256;complete
593;62d4f3627fdbc;complete
594;62d4f36285835;complete
595;62d4f3628c03d;complete
596;62d4f36291634;complete
597;62d4f36297ab5;complete
598;62d4f3629db91;complete
599;62d4f362a3bbf;complete
600;62d4f362a966e;complete
601;62d4f362ae0ae;complete
602;62d4f362b2aac;complete
603;62d4f362b769d;complete
604;62d4f362bc07f;complete
605;62d4f362c14bf;complete
606;62d4f362c6bd5;complete
607;62d4f362cbfb7;complete
608;62d4f362d16ac;complete
610;62d4f362db931;complete
611;62d4f362e0560;complete
612;62d4f362e5781;complete
613;62d4f362eb3ed;complete
614;62d4f362eff24;complete
615;62d4f36301109;complete
616;62d4f363066f0;complete
617;62d4f3630b3af;complete
618;62d4f36310a06;complete
619;62d4f36315908;complete
620;62d4f3631b3b3;complete
621;62d4f3632078b;complete
622;62d4f36325fdc;complete
623;62d4f3632baa0;complete
624;62d4f3633124d;complete
625;62d4f3633675e;complete
626;62d4f3633c1b2;complete
627;62d4f36341421;complete
628;62d4f36346a6d;pending
629;62d4f3634b840;pending
630;62d4f36350962;pending
631;62d4f36355ef1;complete
632;62d4f3635ae99;complete
633;62d4f3635ff59;complete
634;62d4f36365742;complete
635;62d4f3636a6f9;complete
636;62d4f3636f4ab;complete
637;62d4f36374902;complete
638;62d4f363797f9;complete
639;62d4f3637e6c5;complete
640;62d4f3638331b;complete
641;62d4f36388c6f;complete
642;62d4f3638e517;complete
643;62d4f36393203;complete
644;62d4f36398e6a;complete
645;62d4f3639e1a0;complete
646;62d4f363a3530;complete
647;62d4f363a7f55;complete
648;62d4f363ad031;complete
649;62d4f363b2cfa;complete
650;62d4f363b7ad9;complete
651;62d4f363bcbfe;complete
652;62d4f363c1e24;complete
653;62d4f363c6ee4;complete
654;62d4f363cc51f;complete
655;62d4f363d1141;complete
656;62d4f363d5da3;complete
657;62d4f363db5d8;complete
658;62d4f363e1939;complete
659;62d4f363e6761;complete
660;62d4f363ed402;complete
661;62d4f36499deb;complete
662;62d4f364a0dc6;complete
663;62d4f364a56c7;complete
664;62d4f364a9cc2;complete
665;62d4f364ae475;complete
666;62d4f364b2d8b;complete
667;62d4f364b73a5;complete
668;62d4f364bc5c0;complete
669;62d4f364c1b82;complete
670;62d4f364c7311;complete
671;62d4f364cca24;complete
672;62d4f364d1335;complete
673;62d4f364d60dd;complete
674;62d4f364db6c4;complete
675;62d4f364e01c4;complete
676;62d4f364e4c9b;complete
677;62d4f364e9714;complete
678;62d4f364ee175;complete
679;62d4f364f2af0;complete
680;62d4f365033ed;complete
681;62d4f36508f11;pending
682;62d4f3650e5b6;pending
683;62d4f36513f75;pending
684;62d4f36518d45;complete
685;62d4f3651e4c6;complete
686;62d4f365246f3;complete
687;62d4f3652a9a8;complete
688;62d4f3652f346;complete
689;62d4f3653423c;complete
690;62d4f36539bd2;complete
691;62d4f3653eb9e;complete
692;62d4f36543dfc;complete
693;62d4f3654910c;complete
694;62d4f3654e283;complete
695;62d4f36552ff6;complete
696;62d4f36557713;complete
697;62d4f3655c9a4;complete
698;62d4f36560ff0;complete
699;62d4f365658e8;complete
700;62d4f3656a392;complete
701;62d4f3656ed61;complete
702;62d4f36573844;complete
703;62d4f36579116;complete
704;62d4f3657f0ba;complete
705;62d4f36584194;complete
706;62d4f3658959a;complete
707;62d4f3658f297;complete
708;62d4f36594d5f;complete
709;62d4f3659a986;complete
710;62d4f365a0238;complete
711;62d4f365a526a;complete
712;62d4f365aa2cf;complete
713;62d4f365b1535;complete
714;62d4f365b9137;complete
715;62d4f365c0386;complete
716;62d4f365c649d;complete
717;62d4f365cd4eb;complete
718;62d4f365d3e63;complete
719;62d4f365da524;complete
720;62d4f366b0a22;complete
721;62d4f366b6d70;complete
722;62d4f366be3d7;complete
723;62d4f366c56c4;complete
724;62d4f366cbecd;complete
725;62d4f366d1f83;complete
726;62d4f366d8f7d;complete
727;62d4f366de020;complete
728;62d4f366e2e5f;complete
729;62d4f366e7fe2;complete
730;62d4f366ec89a;complete
731;62d4f366f1016;complete
732;62d4f3679a1f8;complete
733;62d4f367a231c;complete
734;62d4f367a7e49;complete
735;62d4f367acc50;complete
736;62d4f367b1d49;complete
737;62d4f367b7278;complete
738;62d4f367c06a5;complete
739;62d4f367c578e;complete
740;62d4f367caa6f;pending
741;62d4f367cfc3e;pending
742;62d4f367d59f3;pending
743;62d4f367dbc42;complete
744;62d4f367e1c4e;complete
745;62d4f367e699e;complete
746;62d4f367eb159;complete
747;62d4f367efe75;complete
748;62d4f36800cfe;complete
749;62d4f36805fbf;complete
750;62d4f3680bd82;complete
751;62d4f368123b4;complete
752;62d4f368173ae;complete
753;62d4f3681c215;complete
754;62d4f36821238;complete
755;62d4f368265a0;complete
756;62d4f3682bae5;complete
757;62d4f36830c06;complete
758;62d4f368366ee;complete
759;62d4f3683b6b7;complete
760;62d4f3684187d;complete
761;62d4f36846e46;complete
762;62d4f3684bb8f;complete
763;62d4f36850a58;complete
764;62d4f368559c9;complete
765;62d4f3685ac5b;complete
766;62d4f3686042a;complete
767;62d4f36865961;complete
768;62d4f3686ab4b;complete
769;62d4f368705ae;complete
770;62d4f36876598;complete
771;62d4f3687f388;complete
772;62d4f36884e2f;complete
773;62d4f3688a15b;complete
774;62d4f3688fd42;complete
775;62d4f36895d70;complete
776;62d4f3689c794;complete
777;62d4f368a1c54;complete
778;62d4f368a711d;complete
779;62d4f368ac539;complete
780;62d4f368b30da;complete
781;62d4f368ba21d;complete
782;62d4f368c0f7f;complete
783;62d4f368c70e8;complete
784;62d4f368ccffe;complete
785;62d4f368d27f4;complete
786;62d4f368d7e07;complete
787;62d4f368dd604;complete
788;62d4f368e2e04;complete
789;62d4f368e8a8c;complete
790;62d4f368eedcd;complete
791;62d4f36900440;complete
792;62d4f36905828;complete
793;62d4f3690b39e;complete
794;62d4f3691094d;pending
795;62d4f36916059;pending
796;62d4f3691b961;pending
797;62d4f36921e27;complete
798;62d4f36927551;complete
799;62d4f3692d398;complete
800;62d4f36932868;complete
801;62d4f3693760b;complete
802;62d4f3693c4c8;complete
803;62d4f36941a79;complete
804;62d4f36946a7f;complete
805;62d4f3694bab4;complete
806;62d4f36950c6d;complete
807;62d4f36955b46;complete
808;62d4f3695b9b9;complete
809;62d4f36960b6f;complete
810;62d4f36965df7;complete
811;62d4f3696a6a3;complete
812;62d4f3696ef0a;complete
813;62d4f369741da;complete
814;62d4f369795df;complete
815;62d4f3697df02;complete
816;62d4f36982cf4;complete
817;62d4f36987555;complete
818;62d4f3698c35a;complete
819;62d4f36991c72;complete
820;62d4f36996fac;complete
821;62d4f3699d10a;complete
822;62d4f369a2357;complete
823;62d4f369a710d;complete
824;62d4f369ad724;complete
825;62d4f369b27ba;complete
826;62d4f369b72d9;complete
827;62d4f369bbf5c;complete
828;62d4f369c0853;complete
829;62d4f369c5571;complete
830;62d4f369cad1c;complete
831;62d4f369d01b0;complete
832;62d4f369d5214;complete
833;62d4f369da2ae;complete
834;62d4f369def95;complete
835;62d4f369e4b5b;complete
836;62d4f369eacf1;complete
837;62d4f369f0fbd;complete
838;62d4f36a97fcf;complete
839;62d4f36a9ef35;complete
840;62d4f36aa3e35;complete
841;62d4f36aa8f28;complete
842;62d4f36aaea1b;complete
843;62d4f36ab3c5f;complete
844;62d4f36ab8e7b;complete
845;62d4f36abdbb5;complete
846;62d4f36ac885a;complete
847;62d4f36acdaac;complete
848;62d4f36ad2cc4;complete
849;62d4f36ad92e0;complete
850;62d4f36ade045;complete
851;62d4f36ae2c06;complete
852;62d4f36ae7a03;complete
853;62d4f36aecb2d;complete
854;62d4f36af1863;complete
855;62d4f36b024fe;pending
856;62d4f36b07a29;pending
857;62d4f36b0c6ad;pending
858;62d4f36b11429;complete
859;62d4f36b162e6;complete
860;62d4f36b1ae6a;complete
861;62d4f36b1fc07;complete
862;62d4f36b24aa2;complete
863;62d4f36b2992f;complete
864;62d4f36b2e93b;complete
865;62d4f36b33ab8;complete
866;62d4f36b38b46;complete
867;62d4f36b3e02f;complete
868;62d4f36b42f4c;complete
869;62d4f36b48490;complete
870;62d4f36b4dbb2;complete
871;62d4f36b53631;complete
872;62d4f36b58b1a;complete
873;62d4f36b5dc4f;complete
874;62d4f36b62c4b;complete
875;62d4f36b67931;complete
876;62d4f36b6c9d4;complete
877;62d4f36b71813;complete
878;62d4f36b76865;complete
879;62d4f36b7b5d4;complete
880;62d4f36b805d2;complete
881;62d4f36b85a00;complete
882;62d4f36b8a9f1;complete
883;62d4f36b8f610;complete
884;62d4f36b94091;complete
885;62d4f36b98d04;complete
886;62d4f36b9e816;complete
887;62d4f36ba40ad;complete
888;62d4f36ba9a23;complete
889;62d4f36baf460;complete
890;62d4f36bb49b8;complete
891;62d4f36bba529;complete
892;62d4f36bbf7d3;complete
893;62d4f36bc4d9f;complete
894;62d4f36bcbdf9;complete
895;62d4f36bd2138;complete
896;62d4f36bd805a;complete
897;62d4f36bde443;complete
898;62d4f36be4786;complete
899;62d4f36beb836;complete
900;62d4f36bf1ef4;complete
901;62d4f36c03dcd;complete
902;62d4f36c0a8d4;complete
903;62d4f36c11a84;complete
904;62d4f36c18294;complete
905;62d4f36c1f07f;complete
906;62d4f36c267c5;complete
907;62d4f36c2dae1;complete
908;62d4f36c35345;complete
909;62d4f36c3c9f7;complete
910;62d4f36c4425c;complete
911;62d4f36c4b01d;complete
912;62d4f36c513e1;complete
913;62d4f36c5880b;complete
914;62d4f36c5dec0;complete
915;62d4f36c62f5f;complete
916;62d4f36c67b9c;complete
917;62d4f36c6d0fd;complete
918;62d4f36c74228;complete
919;62d4f36c7c41c;complete
920;62d4f36c831a3;complete
921;62d4f36c8a49b;complete
922;62d4f36c91b12;complete
923;62d4f36c98a7e;complete
924;62d4f36ca0955;complete
925;62d4f36ca850d;complete
926;62d4f36cb0a5c;pending
927;62d4f36cb7b11;pending
928;62d4f36e068f5;pending
929;62d4f36e0e38f;pending
930;62d4f36e138b9;complete
931;62d4f36e18a9e;complete
932;62d4f36e1e171;complete
933;62d4f36e23c50;complete
934;62d4f36e29475;complete
935;62d4f36e2e256;complete
936;62d4f36e32ca6;complete
937;62d4f36e37dc6;complete
938;62d4f36e3cc54;complete
939;62d4f36e418d4;complete
940;62d4f36e46a37;complete
941;62d4f36e4bc53;complete
942;62d4f36e50c73;complete
943;62d4f36e55c1e;complete
944;62d4f36e5b2cf;complete
945;62d4f36e60ab2;complete
946;62d4f36e66b2a;complete
947;62d4f36e6c639;complete
948;62d4f36e716af;complete
949;62d4f36e76783;complete
950;62d4f36e7b72c;complete
951;62d4f36e81988;complete
952;62d4f36e86dde;complete
953;62d4f36e8c028;complete
954;62d4f36e91687;complete
955;62d4f36e967b8;complete
956;62d4f36e9b6e0;complete
957;62d4f36ea063b;complete
958;62d4f36ea5548;complete
959;62d4f36eaa1c9;complete
960;62d4f36eaef63;complete
961;62d4f36eb3db2;complete
962;62d4f36eb8f22;complete
963;62d4f36ebe178;complete
964;62d4f36ec3173;complete
965;62d4f36ec837d;complete
966;62d4f36ecd232;complete
967;62d4f36ed218f;complete
968;62d4f36ed7163;complete
969;62d4f36edc205;complete
970;62d4f36ee167c;complete
971;62d4f36ee6bc1;complete
972;62d4f36eebcba;complete
973;62d4f36ef0b1b;complete
974;62d4f36f02db9;complete
975;62d4f36f08a59;complete
976;62d4f36f10182;complete
977;62d4f36f16019;complete
978;62d4f36f1bf19;complete
979;62d4f36f22186;complete
980;62d4f36f27635;complete
981;62d4f36f2c3f2;complete
982;62d4f36f31678;complete
983;62d4f36f35d7e;complete
984;62d4f36f3b05f;complete
985;62d4f36f400f1;pending
986;62d4f36f45df6;pending
987;62d4f36f4c3a3;pending
988;62d4f36f529c7;pending
989;62d4f36f595f1;pending
990;62d4f36f60edf;complete
991;62d4f36f68231;complete
992;62d4f36f6eaf1;complete
993;62d4f36f74da8;complete
994;62d4f36f7aee8;complete
995;62d4f36f80c70;complete
996;62d4f36f85c2c;complete
997;62d4f36f8b2a5;complete
998;62d4f36f90761;complete
999;62d4f36f951e8;complete
1000;62d4f36f9a906;complete
1001;62d4f36f9f144;complete
1002;62d4f36fa39d8;complete
1003;62d4f36fa8306;complete
1004;62d4f36faca10;complete
1005;62d4f36fb0f37;complete
1006;62d4f36fb541b;complete
1007;62d4f36fb9c84;complete
1008;62d4f36fbe695;complete
1009;62d4f36fc3c72;complete
1010;62d4f36fc94d8;complete
1011;62d4f36fcf21d;complete
1012;62d4f36fd4e10;complete
1013;62d4f36fda6eb;complete
1014;62d4f36fdfd4f;complete
1015;62d4f36fe4800;complete
1016;62d4f36fe8f63;complete
1017;62d4f36fed5c4;complete
1018;62d4f36ff1da8;complete
1019;62d4f3700227e;complete
1020;62d4f3700662b;complete
1021;62d4f3700a8c0;complete
1022;62d4f3700f329;complete
1023;62d4f370138c7;complete
1024;62d4f3701838e;complete
1025;62d4f3701c957;complete
1026;62d4f37020f85;complete
1027;62d4f37025392;complete
1028;62d4f37029bc1;complete
1029;62d4f3702ebd0;complete
1030;62d4f370336dd;complete
1031;62d4f37037feb;complete
1032;62d4f3703da3a;complete
1033;62d4f370432bc;complete
1034;62d4f3704806c;complete
1035;62d4f3704cf79;complete
1036;62d4f370517d4;complete
1037;62d4f37055c38;complete
1038;62d4f3705a55d;complete
1039;62d4f3705ec08;complete
1040;62d4f37063318;complete
1041;62d4f37067b93;complete
1042;62d4f3706c150;complete
1043;62d4f370708a9;complete
1044;62d4f37074ec8;complete
1045;62d4f37079a94;complete
1046;62d4f3707e216;complete
1047;62d4f37082cc0;complete
1048;62d4f37087689;pending
1049;62d4f3708bd1f;pending
1050;62d4f370906f6;pending
1051;62d4f370957fa;pending
1052;62d4f3709a606;pending
1053;62d4f3709fd16;pending
1054;62d4f370a4320;pending
1055;62d4f370a8e5c;complete
1056;62d4f370ad61a;complete
1057;62d4f370b1a41;complete
1058;62d4f370b5cf0;complete
1059;62d4f370b9f0e;complete
1060;62d4f370be110;complete
1061;62d4f370c27fe;complete
1062;62d4f370c6e11;complete
1063;62d4f370cb3b3;complete
1064;62d4f370d01dc;complete
1065;62d4f370d4a12;pending
1066;62d4f370d9622;pending
1067;62d4f370de20c;complete
1068;62d4f370e2c80;complete
1069;62d4f370e76d9;complete
1070;62d4f370ebf03;complete
1071;62d4f370f07b6;complete
1072;62d4f3719a8e6;complete
1073;62d4f371a44b4;complete
1074;62d4f371ac233;complete
1075;62d4f371b3999;complete
1076;62d4f371bad40;complete
1077;62d4f371c23ad;complete
1078;62d4f371c873d;complete
1079;62d4f371cfc8b;pending
1080;62d4f371d5eba;complete
1081;62d4f371dbb10;complete
1082;62d4f371e0173;complete
1083;62d4f371e5522;complete
1084;62d4f371ec803;complete
1085;62d4f371f34f1;complete
1086;62d4f37203e4d;complete
1087;62d4f3720806b;complete
1088;62d4f3720c375;complete
1089;62d4f372127ec;complete
1090;62d4f37218301;complete
1091;62d4f3721da74;complete
1092;62d4f37223fa5;complete
1093;62d4f3722ab81;complete
1094;62d4f3722fd12;complete
1095;62d4f37234b5b;complete
1096;62d4f372390ae;complete
1097;62d4f3723df86;complete
1098;62d4f3724370c;complete
1099;62d4f3724a3a7;complete
1100;62d4f3725105c;complete
1101;62d4f37256785;complete
1102;62d4f3725b6f7;complete
1103;62d4f37260a8d;complete
1104;62d4f37265965;complete
1105;62d4f3726a393;complete
1106;62d4f3726eeb0;complete
1107;62d4f372738eb;complete
1108;62d4f3727827f;complete
1109;62d4f3727d7e0;complete
1110;62d4f3728225f;complete
1111;62d4f3728638a;complete
1112;62d4f3728a37e;complete
1113;62d4f3728eb16;complete
1114;62d4f37292d5f;complete
1115;62d4f37296f7e;complete
1116;62d4f3729b105;complete
1117;62d4f3729fc2a;complete
1118;62d4f372a3edb;complete
1119;62d4f372a8048;complete
1120;62d4f372ac8f1;pending
1121;62d4f372b0e39;pending
1122;62d4f372b50f7;complete
1123;62d4f372b927e;complete
1124;62d4f372bddb9;complete
1125;62d4f372c2a2f;complete
1126;62d4f372c7412;complete
1127;62d4f372cbb82;complete
1128;62d4f372d0452;complete
1129;62d4f372d4ff9;complete
1130;62d4f372d9864;complete
1131;62d4f372dec45;complete
1132;62d4f372e3b44;complete
1133;62d4f372e80c3;complete
1134;62d4f372ecdd0;complete
1135;62d4f372f27d5;complete
1136;62d4f37303a2b;complete
1137;62d4f37308ef0;complete
1138;62d4f3730e3c1;complete
1139;62d4f37313672;complete
1140;62d4f373189b2;complete
1141;62d4f3731e533;complete
1142;62d4f37323933;complete
1143;62d4f37328fc1;complete
1144;62d4f3732f396;complete
1145;62d4f3733383d;complete
1146;62d4f37338ae4;complete
1147;62d4f3733eb7c;complete
1148;62d4f37345581;complete
1149;62d4f3734c88f;complete
1150;62d4f37352f3b;complete
1151;62d4f37359420;complete
1152;62d4f3735eec4;complete
1153;62d4f37365049;complete
1154;62d4f3736a54b;complete
1155;62d4f373718a5;complete
1156;62d4f3737892d;complete
1157;62d4f3737e579;complete
1158;62d4f3738454d;complete
1159;62d4f3738a618;complete
1160;62d4f3738f725;complete
1161;62d4f37393cbb;complete
1162;62d4f373987d8;complete
1163;62d4f3739ce16;complete
1164;62d4f373a101e;complete
1165;62d4f373a5327;complete
1166;62d4f373a9aa7;complete
1167;62d4f373ae42a;complete
1168;62d4f373b2ac9;complete
1169;62d4f373b7588;complete
1170;62d4f373bc06d;complete
1171;62d4f373c0d4a;complete
1172;62d4f373c596d;complete
1173;62d4f373c9b4f;complete
1174;62d4f373cf139;complete
1175;62d4f373d3223;complete
1176;62d4f373d73b4;complete
1177;62d4f373db680;complete
1178;62d4f373dfb20;complete
1179;62d4f373e5943;complete
1180;62d4f373ea1bb;complete
1181;62d4f373ee747;complete
1182;62d4f373f33e1;complete
1183;62d4f37498fe1;complete
1184;62d4f3749fadd;complete
1185;62d4f374a529a;complete
1186;62d4f374aa712;complete
1187;62d4f374aee8d;complete
1188;62d4f374b326d;complete
1189;62d4f374b777e;complete
1190;62d4f374bd1b0;complete
1191;62d4f374c25d3;complete
1192;62d4f374c757d;complete
1193;62d4f374cbe2e;complete
1194;62d4f374d061e;complete
1195;62d4f374d4d6d;pending
1196;62d4f374d93d3;pending
1197;62d4f374ddb36;pending
1198;62d4f374e2576;complete
1199;62d4f374e6cf1;complete
1200;62d4f374eb3e2;complete
1201;62d4f374efc83;complete
1202;62d4f375002ac;complete
1203;62d4f375049de;complete
1204;62d4f37508f3d;complete
1205;62d4f3750d403;complete
1206;62d4f3751190d;complete
1207;62d4f375169f8;complete
1208;62d4f3751bb23;complete
1209;62d4f3752171f;complete
1210;62d4f37526f0e;complete
1211;62d4f3752bbd3;complete
1212;62d4f37530587;complete
1213;62d4f37534bc4;complete
1214;62d4f375392b1;complete
1215;62d4f3753d6aa;complete
1216;62d4f37541a87;complete
1217;62d4f37546172;complete
1218;62d4f3754a59c;complete
1219;62d4f3754efe7;complete
1220;62d4f375537e6;complete
1221;62d4f37557f41;complete
1222;62d4f3755c3f9;complete
1223;62d4f3756082d;complete
1224;62d4f375650e7;complete
1225;62d4f37569c5b;complete
1226;62d4f3756e5c3;complete
1227;62d4f37572fd5;complete
1228;62d4f375782b1;complete
1229;62d4f3757dd0e;complete
1230;62d4f37582556;complete
1231;62d4f37587743;complete
1232;62d4f3758c1e5;complete
1233;62d4f37590c0c;complete
1234;62d4f375951f6;complete
1235;62d4f37599946;complete
1236;62d4f3759e4a3;complete
1237;62d4f375a2d8e;complete
1238;62d4f375a7558;complete
1239;62d4f375abb7e;complete
1240;62d4f375b0325;complete
1241;62d4f375b4903;complete
1242;62d4f375b8dfb;complete
1243;62d4f375bdc07;complete
1244;62d4f375c2560;complete
1245;62d4f375c6e34;complete
1246;62d4f375cbc6e;complete
1247;62d4f375d0f27;complete
1248;62d4f375d593a;complete
1249;62d4f375dad35;complete
1250;62d4f375df9d6;complete
1251;62d4f375e4b95;complete
1252;62d4f375e9887;complete
1253;62d4f375edecb;complete
1254;62d4f375f2bc1;complete
1255;62d4f37602f2f;complete
1256;62d4f37607341;complete
1257;62d4f3760b601;complete
1258;62d4f3760fc9a;complete
1259;62d4f37614639;complete
1260;62d4f37618842;complete
1261;62d4f3761ce1b;complete
1262;62d4f376212d0;complete
1263;62d4f3762580f;complete
1264;62d4f37629b40;complete
1265;62d4f3762dd6b;complete
1266;62d4f37631ec4;complete
1267;62d4f37635fcf;complete
1268;62d4f3763a169;complete
1269;62d4f3763e48f;complete
1270;62d4f376418db;complete
1271;62d4f37644dd3;complete
1272;62d4f37649483;complete
1273;62d4f3764d61f;complete
1274;62d4f3765171a;pending
1275;62d4f3765589b;pending
1276;62d4f376598c5;pending
1277;62d4f3765df6d;complete
1278;62d4f3766281e;complete
1279;62d4f37667bbe;complete
1280;62d4f3766ce40;complete
1281;62d4f376720db;complete
1282;62d4f37677558;complete
1283;62d4f3767c005;complete
1284;62d4f37680846;complete
1285;62d4f37685488;complete
1286;62d4f37689c26;complete
1287;62d4f3768e2ed;complete
1288;62d4f37692b7b;complete
1289;62d4f37696fad;complete
1290;62d4f3769b563;complete
1291;62d4f376a100f;complete
1292;62d4f376a6ab4;complete
1293;62d4f376ac243;complete
1294;62d4f376b192a;complete
1295;62d4f376b7514;complete
1296;62d4f376bc876;complete
1297;62d4f3dd3c6d8;complete
1298;62d4f3dd478b3;complete
1299;62d4f3dd4e13b;complete
1300;62d4f3dd5352c;complete
1301;62d4f3dd583e9;complete
1302;62d4f3dd5da97;complete
1304;62d4f3dd673e6;complete
1311;62d4f3dd8a290;complete
1312;62d4f3dd8f641;complete
1313;62d4f3dd94330;complete
1314;62d4f3dd98eb5;complete
1315;62d4f3dd9db8d;complete
1316;62d4f3dda2a9e;complete
1317;62d4f3dda7b27;complete
1318;62d4f3ddad261;complete
1319;62d4f3ddb2233;complete
1320;62d4f3ddb6fd3;complete
1321;62d4f3ddbbf59;complete
1322;62d4f3ddc0731;complete
1323;62d4f3ddc4e1d;complete
1324;62d4f3ddc9a08;complete
1325;62d4f3ddce872;complete
1326;62d4f3ddd385e;complete
1327;62d4f3ddd89f1;complete
1328;62d4f3ddddcd2;complete
1329;62d4f3dde3697;complete
1330;62d4f3dde8d9d;complete
1331;62d4f3ddee0d5;complete
1332;62d4f3de00ff8;complete
1333;62d4f3de07302;complete
1334;62d4f3de0cafc;complete
1335;62d4f3de11bde;complete
1336;62d4f3de17437;complete
1337;62d4f3de1d53f;complete
1338;62d4f3de23ac2;pending
1339;62d4f3de2ac2d;pending
1340;62d4f3de31038;pending
1341;62d4f3de362fa;complete
1342;62d4f3de3bd0c;complete
1344;62d4f3de46215;complete
1348;62d4f3de5b849;complete
1353;62d4f3de76217;complete
1354;62d4f3de7b4e9;complete
1357;62d4f3de8d024;complete
1358;62d4f3de92879;complete
1360;62d4f3de9dbd6;complete
1361;62d4f3dea3d59;complete
1364;62d4f3deb3aa6;complete
1367;62d4f3dec43fb;complete
1369;62d4f3dece6fa;complete
1370;62d4f3ded35e2;complete
1371;62d4f3ded8412;complete
1372;62d4f3dede026;complete
1373;62d4f3dee3107;complete
1374;62d4f3dee8882;complete
1375;62d4f3deee0b6;complete
1376;62d4f3def305f;complete
1377;62d4f3df03e59;complete
1378;62d4f3df0978e;complete
1379;62d4f3df0e84a;complete
1380;62d4f3df149ca;complete
1381;62d4f3df19ddd;complete
1382;62d4f3df1f031;complete
1383;62d4f3df24d3b;complete
1384;62d4f3df2be49;complete
1385;62d4f3df327d2;complete
1386;62d4f3df3913d;complete
1387;62d4f3df3f89a;complete
1388;62d4f3df459fb;complete
1389;62d4f3df4b76c;complete
1390;62d4f3df51754;complete
1391;62d4f3df586ce;complete
1392;62d4f3df5f7d8;complete
1393;62d4f3df67df5;complete
1394;62d4f3df700df;complete
1395;62d4f3df773e0;complete
1396;62d4f3df7d40d;complete
1397;62d4f3df844e3;complete
1398;62d4f3df8adf9;complete
1399;62d4f3df90517;complete
1400;62d4f3df959ab;complete
1401;62d4f3df9b196;complete
1402;62d4f3dfa1e2d;complete
1403;62d4f3dfa8c24;complete
1404;62d4f3dfaf356;complete
1405;62d4f3dfb6213;complete
1406;62d4f3dfbcda6;complete
1407;62d4f3dfc2da9;complete
1408;62d4f3dfca84d;complete
1409;62d4f3dfd1f1d;complete
1410;62d4f3dfd8574;complete
1411;62d4f3dfdebcc;complete
1412;62d4f3dfe6dfa;complete
1413;62d4f3dfef434;complete
1414;62d4f3e0a3f0b;complete
1415;62d4f3e0abb93;complete
1416;62d4f3e0b1218;pending
1417;62d4f3e0b6c3d;pending
1418;62d4f3e0bc127;pending
1419;62d4f3e0c170d;complete
1420;62d4f3e0c6c95;complete
1421;62d4f3e0cbf23;complete
1422;62d4f3e0d134d;complete
1423;62d4f3e0d69d0;complete
1424;62d4f3e0dd8f0;complete
1425;62d4f3e0e468f;complete
1426;62d4f3e0eb360;complete
1427;62d4f3e0f0e18;complete
1428;62d4f3e102cdd;complete
1429;62d4f3e109ece;complete
1430;62d4f3e110f06;complete
1431;62d4f3e117cbd;complete
1432;62d4f3e11dea5;complete
1433;62d4f3e124237;complete
1434;62d4f3e12b012;complete
1435;62d4f3e130c10;complete
1436;62d4f3e13711d;complete
1437;62d4f3e13d58e;complete
1438;62d4f3e14409e;complete
1439;62d4f3e14a9ea;complete
1440;62d4f3e151eed;complete
1441;62d4f3e15998f;complete
1442;62d4f3e161c04;complete
1443;62d4f3e169065;complete
1444;62d4f3e16fec4;complete
1445;62d4f3e175e66;complete
1446;62d4f3e17c073;complete
1447;62d4f3e1836d2;complete
1448;62d4f3e18b1db;complete
1449;62d4f3e192aac;complete
1450;62d4f3e1999c7;complete
1451;62d4f3e19ffb0;complete
1452;62d4f3e1a6791;complete
1453;62d4f3e1ac9c1;complete
1454;62d4f3e1b4fd3;complete
1455;62d4f3e1bbbd3;complete
1456;62d4f3e1c16ef;complete
1457;62d4f3e1c7467;complete
1458;62d4f3e1cc91b;complete
1459;62d4f3e1d26d5;complete
1460;62d4f3e1d7b34;complete
1461;62d4f3e1dcdfa;complete
1462;62d4f3e1e21c1;complete
1463;62d4f3e1e768e;complete
1464;62d4f3e1ecd9d;complete
1465;62d4f3e1f1e83;complete
1466;62d4f3e202fbb;complete
1467;62d4f3e208163;complete
1468;62d4f3e20d480;complete
1469;62d4f3e21259e;complete
1470;62d4f3e218141;complete
1471;62d4f3e21d87f;complete
1472;62d4f3e2229df;complete
1473;62d4f3e227bd4;complete
1474;62d4f3e22ce88;complete
1475;62d4f3e232267;complete
1476;62d4f3e23787f;complete
1477;62d4f3e23d58f;pending
1478;62d4f3e242fac;pending
1479;62d4f3e24868a;complete
1480;62d4f3e24f34e;complete
1481;62d4f3e255faa;complete
1482;62d4f3e25e57c;complete
1483;62d4f3e265ed1;complete
1485;62d4f3e2722c7;complete
1486;62d4f3e277a17;complete
1487;62d4f3e27d4e5;complete
1488;62d4f3e282e98;complete
1489;62d4f3e2883ab;complete
1490;62d4f3e28d8df;complete
1491;62d4f3e292c49;complete
1492;62d4f3e29824a;complete
1493;62d4f3e29d573;complete
1494;62d4f3e2a2c3f;complete
1495;62d4f3e2a8c58;complete
1496;62d4f3e2ae897;complete
1497;62d4f3e2b3a29;complete
1498;62d4f3e2b8acd;complete
1499;62d4f3e2bdeed;complete
1500;62d4f3e2c2fd6;complete
1501;62d4f3e2c843d;complete
1502;62d4f3e2ce1d8;complete
1503;62d4f3e2d5093;complete
1504;62d4f3e2dad69;complete
1505;62d4f3e2e0488;complete
1506;62d4f3e2e6c6d;complete
1507;62d4f3e2ed233;complete
1508;62d4f3e2f259c;complete
1509;62d4f3e3a1305;complete
1510;62d4f3e3a89ae;complete
1511;62d4f3e3ada86;complete
1512;62d4f3e3b2a0c;pending
1513;62d4f3e3b77f3;complete
1514;62d4f3e3bc5d7;complete
1515;62d4f3e3c26d1;complete
1516;62d4f3e3c750a;complete
1517;62d4f3e3cc8d5;complete
1518;62d4f3e3d28c2;complete
1519;62d4f3e3d8941;complete
1520;62d4f3e3dec78;pending
1521;62d4f3e3e5003;complete
1522;62d4f3e3ea6eb;complete
1523;62d4f3e3f01c3;complete
1524;62d4f3e401670;complete
1525;62d4f3e407b08;complete
1526;62d4f3e40e005;complete
1527;62d4f3e413d5a;pending
1528;62d4f3e4197be;pending
1529;62d4f3e41f282;complete
1530;62d4f3e42529d;complete
1531;62d4f3e42b668;complete
1532;62d4f3e431fe2;complete
1533;62d4f3e4395b6;complete
1534;62d4f3e440573;pending
1535;62d4f3e446fc0;pending
1536;62d4f3e44dc05;complete
1537;62d4f3e4543c6;complete
1538;62d4f3e459a1d;complete
1539;62d4f3e45ed74;complete
1540;62d4f3e464e22;complete
1541;62d4f3e46a8a2;complete
1542;62d4f3e471611;complete
1543;62d4f3e47851f;complete
1544;62d4f3e47e1e1;complete
1545;62d4f3e4840f0;complete
1546;62d4f3e489ae1;complete
1547;62d4f3e48f24e;complete
1548;62d4f3e494a5e;complete
1549;62d4f3e49a175;complete
1550;62d4f3e49fb50;complete
1551;62d4f3e4a52a4;complete
1552;62d4f3e4aab95;complete
1553;62d4f3e4b20fd;complete
1554;62d4f3e4b750d;complete
1555;62d4f3e4bc945;complete
1556;62d4f3e4c2d72;complete
1557;62d4f3e4c9e5e;complete
1558;62d4f3e4d0e25;complete
1559;62d4f3e4d786a;complete
1560;62d4f3e4de64c;complete
1561;62d4f3e4e4c18;complete
1564;62d4f3e503702;complete
1566;62d4f3e50e672;complete
1567;62d4f3e5142f5;complete
1568;62d4f3e519892;complete
1569;62d4f3e51f2b0;complete
1570;62d4f3e525385;complete
1571;62d4f3e52c2a5;complete
1572;62d4f3e5337f5;complete
1573;62d4f3e53b025;complete
1574;62d4f3e5429f0;complete
1575;62d4f3e54a3e6;complete
1576;62d4f3e551a23;complete
1577;62d4f3e558cee;complete
1578;62d4f3e5609a4;complete
1579;62d4f3e5682fd;complete
1580;62d4f3e570b2b;complete
1581;62d4f3e57877f;complete
1582;62d4f3e580ad3;complete
1583;62d4f3e587f7d;complete
1584;62d4f3e590250;complete
1585;62d4f3e59772d;complete
1586;62d4f3e59f198;complete
1587;62d4f3e5a5252;complete
1588;62d4f3e5adb0b;complete
1589;62d4f3e5b54f6;complete
1590;62d4f3e5bcb6b;complete
1591;62d4f3e5c396b;complete
1592;62d4f3e5ca137;complete
1593;62d4f3e5d26da;complete
1594;62d4f3e5db621;complete
1595;62d4f3e5e42fc;complete
1596;62d4f3e5ec4fb;complete
1597;62d4f3e69e019;complete
1598;62d4f3e6a5d71;complete
1599;62d4f3e6ab2c5;complete
1600;62d4f3e6b0c43;complete
1601;62d4f3e6b5e8d;complete
1602;62d4f3e6badfa;complete
1603;62d4f3e6c02a0;complete
1604;62d4f3e6c6536;complete
1605;62d4f3e6cbf01;complete
1606;62d4f3e6d10dd;complete
1607;62d4f3e6d6365;complete
1608;62d4f3e6db8e0;complete
1609;62d4f3e6e0d77;complete
1610;62d4f3e6e6399;complete
1611;62d4f3e6ec401;complete
1612;62d4f3e6f2317;complete
1613;62d4f3e703b28;complete
1614;62d4f3e70a1a2;complete
1615;62d4f3e710366;complete
1616;62d4f3e715ada;complete
1617;62d4f3e71af12;complete
1618;62d4f3e7221a2;complete
1619;62d4f3e728a57;complete
1620;62d4f3e72e35f;complete
1621;62d4f3e733681;complete
1622;62d4f3e738b2d;complete
1623;62d4f3e73ebdf;complete
1624;62d4f3e7451e1;complete
1625;62d4f3e74b58e;complete
1626;62d4f3e7523d2;complete
1627;62d4f3e758c88;complete
1628;62d4f3e75f316;complete
1630;62d4f3e76daeb;complete
1631;62d4f3e773f21;complete
1632;62d4f3e7797c3;complete
1633;62d4f3e77f1f6;complete
1634;62d4f3e7848c0;complete
1635;62d4f3e789f75;complete
1636;62d4f3e78f0eb;complete
1637;62d4f3e79515e;complete
1638;62d4f3e79aff9;complete
1639;62d4f3e7a0534;complete
1640;62d4f3e7a5dea;complete
1641;62d4f3e7ab25a;complete
1642;62d4f3e7b0b8f;complete
1643;62d4f3e7b5fc9;complete
1644;62d4f3e7bb689;complete
1645;62d4f3e7c0964;complete
1646;62d4f3e7c698d;complete
1647;62d4f3e88a970;complete
1648;62d4f3e890bf8;complete
1649;62d4f3e8963c0;complete
1650;62d4f3e89b544;complete
1651;62d4f3e8a1140;complete
1652;62d4f3e8a75ab;complete
1653;62d4f3e8ad2f7;complete
1654;62d4f3e8b3e76;complete
1655;62d4f3e8b98df;complete
1656;62d4f3e8bf09c;complete
1657;62d4f3e8c5b84;complete
1658;62d4f3e8cb266;complete
1659;62d4f3e8d08cc;complete
1660;62d4f3e8d6c82;complete
1661;62d4f3e8dc95d;complete
1662;62d4f3e8e25d7;complete
1663;62d4f3e8e9369;complete
1664;62d4f3e8ef112;complete
1665;62d4f3e8f41cb;complete
1666;62d4f3e9abdbb;complete
1667;62d4f3e9b4f9f;complete
1668;62d4f3e9ba0d7;complete
1669;62d4f3e9bf1b5;complete
1670;62d4f3e9c4564;pending
1671;62d4f3e9c9703;pending
1672;62d4f3e9ce6e2;pending
1673;62d4f3e9d37d4;pending
1674;62d4f3e9d8883;complete
1675;62d4f3e9de4f7;complete
1676;62d4f3e9e367e;complete
1677;62d4f3e9e8b8f;complete
1678;62d4f3e9edbd5;complete
1679;62d4f3e9f2d06;complete
1680;62d4f3ea04c21;complete
1681;62d4f3ea0a17e;complete
1682;62d4f3ea0f376;complete
1683;62d4f3ea14d60;complete
1684;62d4f3ea1a464;complete
1685;62d4f3ea1f5f9;complete
1686;62d4f3ea247f8;complete
1687;62d4f3ea2a74b;complete
1688;62d4f3ea2fb3b;complete
1689;62d4f3ea34cd0;complete
1690;62d4f3ea3a416;complete
1691;62d4f3ea3fce9;complete
1692;62d4f3ea45c09;complete
1693;62d4f3ea4b959;complete
1694;62d4f3ea512b1;complete
1695;62d4f3ea56ddc;complete
1696;62d4f3ea5ca73;complete
1697;62d4f3ea6264e;complete
1698;62d4f3ea68c5e;complete
1699;62d4f3ea6fe44;complete
1700;62d4f3ea781aa;complete
1701;62d4f3ea7ef66;complete
1702;62d4f3ea85cb1;complete
1703;62d4f3ea8c402;complete
1704;62d4f3ea92804;complete
1705;62d4f3ea98be8;complete
1706;62d4f3ea9f98e;complete
1707;62d4f3eaa608f;complete
1708;62d4f3eaacfb1;complete
1709;62d4f3eab3e70;complete
1710;62d4f3eabae10;complete
1711;62d4f3eac2735;complete
1712;62d4f3eac9918;complete
1713;62d4f3ead0b93;complete
1714;62d4f3ead80b2;complete
1715;62d4f3eae0b7a;complete
1716;62d4f3eae7d33;complete
1717;62d4f3eaee5c9;complete
1718;62d4f3eb01114;complete
1719;62d4f3eb08982;complete
1720;62d4f3eb101b6;complete
1721;62d4f3eb177a1;complete
1722;62d4f3eb1e36b;complete
1723;62d4f3eb24e67;complete
1724;62d4f3eb2bfdc;complete
1725;62d4f3eb32f25;complete
1726;62d4f3eb39b04;complete
1727;62d4f3eb3ffec;complete
1728;62d4f3eb4515c;complete
1729;62d4f3eb4ae59;complete
1730;62d4f3eb50c00;complete
1731;62d4f3eb56ade;complete
1732;62d4f3eb5d167;complete
1733;62d4f3eb63c0d;complete
1734;62d4f3eb6aa50;complete
1735;62d4f3eb7109b;complete
1736;62d4f3eb769b1;complete
1737;62d4f3eb7bd0b;complete
1738;62d4f3eb81bbc;complete
1739;62d4f3eb88a07;complete
1740;62d4f3eb8e65d;complete
1741;62d4f3eb93407;complete
1742;62d4f3eb98dc1;complete
1743;62d4f3eb9db9b;complete
1744;62d4f3eba3e41;complete
1745;62d4f3eba90cf;complete
1746;62d4f3ebadf54;complete
1747;62d4f3ebb30ff;complete
1748;62d4f3ebb8f07;complete
1749;62d4f3ebbf2d7;complete
1750;62d4f3ebc4a91;complete
1751;62d4f3ebc9640;complete
1752;62d4f3ebce6a7;complete
1753;62d4f3ebd39f1;complete
1754;62d4f3ebd9b8f;complete
1755;62d4f3ebdecb7;complete
1756;62d4f3ebe477f;complete
1757;62d4f3ebe9b87;complete
1758;62d4f3ebeeef4;complete
1759;62d4f3ebf414f;complete
1760;62d4f3eca8b08;complete
1761;62d4f3ecb045e;complete
1762;62d4f3ecb5aaf;complete
1763;62d4f3ecbac92;complete
1764;62d4f3ecc0011;complete
1765;62d4f3ecc528c;complete
1766;62d4f3eccbc28;complete
1767;62d4f3ecd3492;complete
1768;62d4f3ecda82e;complete
1769;62d4f3ece0d95;complete
1770;62d4f3ece6967;complete
1771;62d4f3ecec86c;complete
1772;62d4f3ecf2795;complete
1773;62d4f3ed04b6d;complete
1774;62d4f3ed09498;complete
1775;62d4f3ed0db07;complete
1776;62d4f3ed120ec;complete
1777;62d4f3ed166ef;complete
1778;62d4f3ed1ae75;complete
1779;62d4f3ed1fbab;complete
1780;62d4f3ed24bf5;complete
1781;62d4f3ed29c0c;complete
1782;62d4f3ed2e970;complete
1783;62d4f3ed330da;complete
1784;62d4f3ed37b78;complete
1785;62d4f3ed3c23a;pending
1786;62d4f3ed41e03;pending
1787;62d4f3ed46c89;pending
1788;62d4f3ed4b878;pending
1789;62d4f3ed5024e;pending
1790;62d4f3ed54d68;complete
1791;62d4f3ed594a8;complete
1792;62d4f3ed5e20d;complete
1793;62d4f3ed629d4;complete
1794;62d4f3ed67997;complete
1795;62d4f3ed6c756;complete
1796;62d4f3ed711d1;complete
1797;62d4f3ed75cb0;complete
1798;62d4f3ed7a69f;complete
1799;62d4f3ed80691;complete
1800;62d4f3ed85ec4;complete
1801;62d4f3ed8ad2e;complete
1802;62d4f3ed8fe2f;complete
1803;62d4f3ed94d9b;complete
1804;62d4f3ed99f0b;complete
1805;62d4f3ed9efe6;pending
1806;62d4f3eda39dd;pending
1807;62d4f3eda82ad;pending
1808;62d4f3edacba8;complete
1809;62d4f3edb14d4;complete
1810;62d4f3edb5c99;complete
1811;62d4f3edba25f;complete
1812;62d4f3edbfd79;complete
1813;62d4f3edc473f;complete
1814;62d4f3edc9001;complete
1815;62d4f3edcd6f1;complete
1816;62d4f3edd1b7e;complete
1817;62d4f3edd65c8;complete
1818;62d4f3eddb044;complete
1819;62d4f3eddfafe;complete
1820;62d4f3ede475d;complete
1821;62d4f3ede9421;complete
1822;62d4f3ededbdd;complete
1823;62d4f3edf2c58;complete
1824;62d4f3ee039a0;complete
1825;62d4f3ee0833e;complete
1826;62d4f3ee0c9aa;complete
1827;62d4f3ee10fc8;complete
1828;62d4f3ee1562f;complete
1829;62d4f3ee1aa49;complete
1830;62d4f3ee20461;complete
1831;62d4f3ee264af;complete
1832;62d4f3ee2bc15;complete
1833;62d4f3ee31613;complete
1834;62d4f3ee36f0b;complete
1835;62d4f3ee3c0e3;complete
1836;62d4f3ee40a7c;complete
1837;62d4f3ee4536a;complete
1838;62d4f3ee49f44;complete
1839;62d4f3ee4e8ea;complete
1840;62d4f3ee5338e;complete
1841;62d4f3ee57b23;complete
1842;62d4f3ee5c2f9;complete
1843;62d4f3ee60d32;complete
1844;62d4f3ee6673b;complete
1845;62d4f3ee6b7be;complete
1846;62d4f3ee70156;complete
1847;62d4f3ee74df0;complete
1848;62d4f3ee79c80;complete
1849;62d4f3ee7f159;complete
1850;62d4f3ee85237;complete
1851;62d4f3ee8bca9;complete
1852;62d4f3ee910d2;complete
1853;62d4f3ee95e67;complete
1854;62d4f3ee9acae;complete
1855;62d4f3eea0b02;complete
1856;62d4f3eea5c13;complete
1857;62d4f3eeaa9ba;complete
1858;62d4f3eeb08be;complete
1859;62d4f3eeb63bb;complete
1860;62d4f3eebb5f3;complete
1861;62d4f3eec01e7;complete
1862;62d4f3eec4d7d;complete
1863;62d4f3eec9aff;pending
1864;62d4f3eed0a27;pending
1865;62d4f3eed77d7;pending
1866;62d4f3eede6f5;complete
1867;62d4f3eee4884;complete
1868;62d4f3eee9dce;complete
1869;62d4f3eeee6ef;complete
1870;62d4f3eef3320;complete
1871;62d4f3ef943ae;complete
1872;62d4f3ef9c87b;complete
1873;62d4f3efa1bd9;complete
1874;62d4f3efa649f;complete
1875;62d4f3efaafb9;complete
1876;62d4f3efafc84;complete
1877;62d4f3efb60e3;complete
1878;62d4f3efbc085;complete
1879;62d4f3efc1ed6;complete
1880;62d4f3efc7dbc;complete
1881;62d4f3efcd636;complete
1882;62d4f3efd3563;complete
1883;62d4f3efd84a7;complete
1884;62d4f3efdcd9e;complete
1885;62d4f3efe188a;complete
1886;62d4f3efe62d3;complete
1887;62d4f3efeb9ad;complete
1888;62d4f3eff0142;complete
1889;62d4f3f000659;complete
1890;62d4f3f005322;complete
1891;62d4f3f009d92;complete
1892;62d4f3f00e547;complete
1893;62d4f3f01315e;complete
1894;62d4f3f01aa27;complete
1895;62d4f3f020703;complete
1896;62d4f3f0263a6;complete
1897;62d4f3f02b566;complete
1898;62d4f3f030942;complete
1899;62d4f3f036ce7;complete
1900;62d4f3f03cf35;complete
1901;62d4f3f042c26;complete
1902;62d4f3f04a03e;complete
1903;62d4f3f04fe51;complete
1904;62d4f3f056e4b;complete
1905;62d4f3f05decb;complete
1906;62d4f3f065232;complete
1907;62d4f3f06d088;complete
1908;62d4f3f0734d1;pending
1909;62d4f3f07a6b7;pending
1910;62d4f3f081a9e;complete
1911;62d4f3f08905c;complete
1912;62d4f3f090051;complete
1913;62d4f3f09741e;complete
1914;62d4f3f09de36;complete
1915;62d4f3f0a647b;complete
1916;62d4f3f0adabd;complete
1917;62d4f3f0b5fbb;complete
1918;62d4f3f0bc764;complete
1919;62d4f3f0c3507;complete
1920;62d4f3f0c9a2a;complete
1921;62d4f3f0cee9f;complete
1922;62d4f3f0d39e7;complete
1923;62d4f3f0d81c4;complete
1924;62d4f3f0dc98c;complete
1925;62d4f3f0e19b1;complete
1926;62d4f3f0e63f0;complete
1927;62d4f3f0eb534;complete
1928;62d4f3f0f19e2;complete
1929;62d4f3f102390;complete
1930;62d4f3f107d50;complete
1931;62d4f3f10d391;complete
1932;62d4f3f111cff;complete
1933;62d4f3f117824;complete
1934;62d4f3f11c676;complete
1935;62d4f3f1214e2;complete
1936;62d4f3f127f47;complete
1937;62d4f3f12cbb0;complete
1938;62d4f3f131de3;complete
1939;62d4f3f138621;complete
1940;62d4f3f13e23a;complete
1941;62d4f3f143607;complete
1942;62d4f3f149c3b;complete
1943;62d4f3f14f387;complete
1944;62d4f3f154f7b;complete
1945;62d4f3f15a1a3;complete
1946;62d4f3f15fe46;complete
1947;62d4f3f165ea5;complete
1948;62d4f3f16ac50;complete
1949;62d4f3f171233;complete
1950;62d4f3f17700b;complete
1951;62d4f3f17cd3e;complete
1952;62d4f3f1820ca;complete
1953;62d4f3f187440;complete
1954;62d4f3f18dcb5;complete
1955;62d4f3f19371e;complete
1956;62d4f3f19882d;complete
1957;62d4f3f19e0cd;complete
1958;62d4f3f1a2ef0;complete
1959;62d4f3f1a9049;complete
1960;62d4f3f1aebf8;complete
1961;62d4f3f1b4448;complete
1962;62d4f3f1b9e63;complete
1963;62d4f3f1bed95;complete
1964;62d4f3f1c38e0;pending
1965;62d4f3f1ca732;pending
1966;62d4f3f1cf4c8;pending
1967;62d4f3f1d4222;complete
1968;62d4f3f1d9167;complete
1969;62d4f3f1ddcc2;complete
1970;62d4f3f1e26f8;complete
1971;62d4f3f1e75ee;complete
1972;62d4f3f1eccb2;complete
1973;62d4f3f1f1708;complete
1974;62d4f3f2ae4f9;complete
1975;62d4f3f2b65eb;complete
1976;62d4f3f2bc17f;complete
1977;62d4f3f2c1f75;complete
1978;62d4f3f2c6f44;complete
1979;62d4f3f2cd334;complete
1980;62d4f3f2d31b6;complete
1981;62d4f3f2d9beb;complete
1982;62d4f3f2df318;complete
1983;62d4f3f2e4812;complete
1984;62d4f3f2e9f05;complete
1985;62d4f3f2eec1a;complete
1986;62d4f3f2f3610;complete
1987;62d4f3f30352d;complete
1988;62d4f3f3074da;complete
1989;62d4f3f30dcfb;complete
1991;62d4f3f31b13a;complete
1992;62d4f3f321f99;complete
1993;62d4f3f327d2e;complete
1994;62d4f3f32cf17;complete
1995;62d4f3f333037;complete
1996;62d4f3f33998b;complete
1997;62d4f3f33fa35;complete
1998;62d4f3f34670c;complete
1999;62d4f3f34ba4e;complete
2000;62d4f3f351dcd;complete
2001;62d4f3f35707b;complete
2002;62d4f3f35c950;complete
2003;62d4f3f362b2c;complete
2004;62d4f3f368cd3;complete
2005;62d4f3f36eff7;complete
2006;62d4f3f3743c0;complete
2007;62d4f3f37930f;complete
2008;62d4f3f37e3db;complete
2009;62d4f3f3830e8;complete
2010;62d4f3f3881ac;complete
2011;62d4f3f38d723;complete
2012;62d4f3f3928f1;pending
2013;62d4f3f39793e;pending
2014;mp-txn-62d537cbe314d;pending
2015;mp-txn-62d537ceea291;complete
2016;mp-txn-62d5506b2bf3a;complete
2017;mp-txn-62d5506d0c862;complete
2189;mp-txn-63287fbf20643;complete
2190;mp-txn-63287fe1c33a6;complete
2191;mp-txn-632880099dfd5;complete
2018;mp-txn-62d5e52fda337;complete
2019;mp-txn-62d5e5320ddfe;complete
2020;mp-txn-62d66540a646b;complete
2021;mp-txn-62d6654329051;complete
2022;mp-txn-62d6890e9f2d0;complete
2023;mp-txn-62d68b392309d;complete
2024;mp-txn-62d68faf62559;complete
2025;mp-txn-62d690a8c4469;complete
2026;mp-txn-62d6a79f916fd;complete
2187;mp-txn-6321e012a9d00;complete
2027;mp-txn-62d709820f56f;complete
84;mp-txn-62cff5b7830f7;complete
89;mp-txn-62d002fccb34a;complete
2028;mp-txn-62d800e534ed1;complete
2029;mp-txn-62d8016c613a7;complete
2030;mp-txn-62d8019acdcaa;complete
2031;mp-txn-62d9334b5d064;complete
2032;mp-txn-62d933b7df903;complete
2033;mp-txn-62d9342414fc1;pending
2034;mp-txn-62d934bf75d6e;pending
2035;mp-txn-62d934fc575ba;pending
2036;mp-txn-62d93527a7efc;pending
2037;mp-txn-62d935572d796;pending
2038;mp-txn-62d9358b4d329;complete
2039;mp-txn-62d935b4b65a6;complete
2040;mp-txn-62d9360f6d5f9;complete
2041;mp-txn-62d936413c2e8;complete
2042;mp-txn-62d93664ec749;complete
2043;mp-txn-62d936ec78596;complete
2044;mp-txn-62d937190b454;complete
2045;mp-txn-62d9373cedeed;complete
2046;mp-txn-62d937936a211;complete
2047;mp-txn-62d9382642a23;complete
2048;mp-txn-62d93843402f4;complete
2049;mp-txn-62d938d93d372;complete
2050;mp-txn-62d93907a7c44;complete
2051;mp-txn-62d939edcb1ae;complete
2052;mp-txn-62d93a32ef1f8;complete
2053;mp-txn-62d93a6769e57;complete
2060;mp-txn-62d93c03bf260;complete
2061;mp-txn-62d93c46a8ac5;complete
2062;mp-txn-62d93c6e19b1c;complete
2063;mp-txn-62d93c954fea6;complete
2064;mp-txn-62d93ccc4674c;complete
2065;mp-txn-62d93cfb342b3;complete
2066;mp-txn-62d93d3a63bb1;complete
2067;mp-txn-62d93d83a9700;complete
2068;mp-txn-62d93da6c6afd;complete
2069;mp-txn-62d93e3e3de07;complete
2070;mp-txn-62d93e9a583b4;complete
2071;mp-txn-62d93ebe68660;complete
2072;mp-txn-62d93f1a22d50;complete
2073;mp-txn-62d93f576d5bd;complete
2074;mp-txn-62d93f7a07e6c;complete
2075;mp-txn-62d9e53653be9;complete
2076;mp-txn-62d9e538ef4c8;complete
2080;mp-txn-62da9d7b6b250;complete
2081;mp-txn-62da9d7d88c79;complete
2077;mp-txn-62da6527e9c8c;complete
2078;mp-txn-62da663387892;complete
2079;mp-txn-62da6672d69a1;complete
2085;mp-txn-62dfa105ba677;complete
2086;mp-txn-62dfa1093ccdd;complete
2091;mp-txn-62e3b02f18cc1;complete
2092;mp-txn-62e3b030612db;complete
2093;mp-txn-62e4491b622d4;complete
2096;mp-txn-62e7ae5a4b24f;complete
2097;mp-txn-62e7b0b4676a5;complete
2098;mp-txn-62e7b2576a668;complete
2099;mp-txn-62e7bac693ed4;complete
2100;mp-txn-62e7baf295a47;complete
2101;mp-txn-62e7bb4481851;complete
2102;mp-txn-62e7bb9b3d251;complete
2103;mp-txn-62e7bbce41bf9;complete
2104;mp-txn-62e7bd443fc62;complete
2105;mp-txn-62e7bd796bca0;complete
2106;mp-txn-62e7bda14f246;complete
2107;mp-txn-62e8408fa19e2;complete
2108;mp-txn-62ea414fc3443;complete
2109;mp-txn-62ea4152d48bd;pending
2110;mp-txn-62ea415551c06;pending
2111;mp-txn-62ea503f38fc1;complete
2112;mp-txn-62ea504464a28;complete
2113;mp-txn-62ea504910376;complete
2114;mp-txn-62ea7f280ca98;complete
2115;mp-txn-62ea7f2b23bad;complete
2116;mp-txn-62ea7f2e2da87;complete
2117;mp-txn-62eb53c484010;complete
2118;mp-txn-62ecfc09df279;complete
2119;mp-txn-62ecfc0ddb62d;complete
2120;mp-txn-62ecfc11a58c5;complete
2121;mp-txn-62ed1ceb0a37f;complete
2122;mp-txn-62ed1cede0c4f;complete
2123;mp-txn-62ed1cf28a57a;complete
2124;mp-txn-62ed514734c17;complete
2125;mp-txn-62ed51494199e;complete
2126;mp-txn-62ed514b6ff62;complete
2127;mp-txn-62f0e587d4fea;complete
2128;mp-txn-62f0e61d67b31;complete
2129;mp-txn-62f0e63c09ae8;complete
2130;mp-txn-62f665807f0ba;complete
2131;mp-txn-62f668f9a7aa3;complete
2132;mp-txn-62f8d9760116d;complete
2133;mp-txn-62f8d97816a9c;complete
2134;mp-txn-62f8d979ebde8;complete
2135;mp-txn-62fbf0db9c2a6;complete
2136;mp-txn-62fbf0de87646;complete
2137;mp-txn-62fbf0e138fe6;complete
2138;mp-txn-62fe677f4866f;pending
2139;mp-txn-62fe681becceb;pending
2140;mp-txn-62fe685c45c7a;pending
2141;mp-txn-62fe689e30aa8;complete
2142;mp-txn-62fe68f913b73;complete
2143;mp-txn-62fe692898e00;complete
2144;mp-txn-62fe69a4ec897;complete
2145;mp-txn-62fe6a33af834;complete
2146;mp-txn-62fe6ac854c59;complete
2147;mp-txn-62ff6aa76615d;complete
2148;mp-txn-62ff6af7a5964;complete
2149;mp-txn-63036e104159a;complete
2150;mp-txn-63036e6a51665;complete
2151;mp-txn-63036e8fd9187;complete
2152;mp-txn-6304891f08345;complete
2153;mp-txn-6304894dcb134;complete
2154;mp-txn-6304b89f91498;complete
2155;mp-txn-6304b94aeeb20;complete
2156;mp-txn-63081e5acd500;complete
2157;mp-txn-63082c8fbf77a;complete
2160;mp-txn-6308b990670bb;complete
2161;mp-txn-630ccb766c4aa;complete
2162;mp-txn-630da4bd370f6;complete
2163;mp-txn-630dd7b9108e5;complete
2165;mp-txn-630fa8d395fb2;complete
2166;mp-txn-631097430b720;complete
2167;mp-txn-631097b144e52;complete
2168;mp-txn-6310982e890ad;complete
2169;mp-txn-6310984f3961f;pending
2170;mp-txn-631098f3e5419;pending
2208;mp-txn-63487269d8e11;complete
2171;mp-txn-6311ec9837278;complete
2172;mp-txn-6311ed12ede39;complete
2173;mp-txn-6311ed4c160f8;complete
2174;mp-txn-6316425ed524a;complete
2175;mp-txn-63164260a38c6;complete
2176;mp-txn-63164263adbb1;complete
2177;mp-txn-6319f2f16bf0f;complete
2178;mp-txn-6319f35d4b77b;complete
2179;mp-txn-631efa4489938;complete
2180;mp-txn-631efa7f85471;complete
2181;mp-txn-631efa993a90f;complete
2182;mp-txn-631efbf9eb4d3;complete
2183;mp-txn-631f1be3dfa30;complete
2184;mp-txn-631f39c129b05;complete
2185;mp-txn-631f39c44f83d;complete
2186;mp-txn-631f39c6a41b1;complete
2188;mp-txn-632348a416ee3;complete
2205;mp-txn-632f288d3c216;complete
2192;mp-txn-632edabc284aa;complete
2193;mp-txn-632edd0de5c6e;complete
2194;mp-txn-632edd1ea1aa8;pending
2195;mp-txn-632edd61d5842;pending
2196;mp-txn-632edd75381c4;complete
2197;mp-txn-632edd8787228;complete
2198;mp-txn-632edda101b6e;pending
2199;mp-txn-632eddafb0e25;complete
2200;mp-txn-632eddc0171f6;complete
2201;mp-txn-632eddd1b2e79;complete
2202;mp-txn-632edddf0f3e7;complete
2203;mp-txn-632eddee36f8d;complete
2204;mp-txn-632eddfdea7e2;complete
2206;mp-txn-6337277b48f47;complete
2164;mp-txn-630f8361b6752;complete
2207;mp-txn-6343f96087eef;complete
2213;mp-txn-635a1f4be5283;pending
2209;mp-txn-635925d9885c3;pending
2210;mp-txn-635925fcde2c3;complete
2211;mp-txn-635943b2cc8fc;complete
2212;mp-txn-635943d0cc107;complete
2214;mp-txn-635a7af57e7d6;complete
